Parameter,Value
base_beta,0.18637346717281256
amplitude,0.12213977575508822
phase_months,10.464193279648288
init_I_frac,6.446127284997127e-05
sigma,6.0
gamma,3.0
